{
  "length_ttest": {
    "t": -2.0267761505190607,
    "p": 0.051967575033775776
  },
  "sentiment_ttest": {
    "t": 0.854892734071372,
    "p": 0.3996182737470088
  },
  "means": {
    "Human Prompt": {
      "length": 95.53333333333333,
      "sentiment": 0.08673481205455844,
      "refusal": 0.0
    },
    "LLM Prompt": {
      "length": 114.03333333333333,
      "sentiment": 0.06453007504379638,
      "refusal": 0.03333333333333333
    }
  }
}